category,name,price_inr,orginal_price_inr,discount%
KISAH,Floral Pattern Sherwani Set,9061,17097,47
KISAH,Sherwani Set with Woven Motifs,8699,15797,45
KISAH,Men Embroidered Regular Fit Sherwani Set,5899,10399,43
KISAH,Embellished Sherwani Set,4508,9999,55
KISAH,Men Embroidered Sherwani & Pyjamas Set,13999,20599,32
KISAH,Sherwani Set with Woven Motifs,6653,12097,45
KISAH,Mandarin Collar Sherwani & Kurta with Churidar Set,7746,14897,48
KISAH,Printed Mandarin-Neck Sherwani Set,7439,15498,52
KISAH,Buttoned-Up 3-Piece Sherwani Set,6164,13399,54
KISAH,Sherwani Set with Woven Motifs,8413,16497,49
KISAH,Men Paisley Woven Sherwani & Dhoti Set,8500,13998,39
KISAH,Embellished Sherwani Set,5829,10998,47
KISAH,Men Floral Woven Sherwani with Kurta & Churidar,7598,12700,40
KISAH,Men Paisley Woven Regular Fit Sherwani with Kurta & Dhoti Pants,12100,18598,35
Deyann,3-Piece Sherwani Set,5995,11990,50
KISAH,Self-design Sherwani Set,6399,11099,42
KISAH,Men Leaf Woven Sherwani & Pyjamas et,6399,11198,43
KISAH,Mandarin-Neck Sherwani Set,4514,10999,59
KISAH,Floral Sherwani and Churidar Set,7099,14499,51
KISAH,Sherwani Set with Paisley Woven Motifs,8900,15097,41
KISAH,Sherwani Set with Floral Woven Motifs,6373,12497,49
KISAH,Men Floral Woven Regular Fit Sherwani Set,9300,15198,39
Anil Kumar Ajit Kumar,Self-Design Sherwani Set,3967,6399,38
KISAH,Men Self-Design Regular Fit Sherwani Set,6599,11499,43
KISAH,Floral Woven Sherwani Set,6480,14399,55
hangup,Floral Print Sherwani with Pyjamas,2600,9999,74
KISAH,Floral Print Sherwani Set,9198,17097,46
hangup,Indian Pattern Sherwani Set,2900,9999,71
KISAH,Sherwani Set with Geometric Woven Motifs,5609,10998,49
KISAH,Sherwani Set with Pocket Square,4361,10999,60
KISAH,Solid Mandarin-Neck Sherwani Set,4115,10999,63
KISAH,Men Embellished Regular Fit Sherwani Set,5899,10399,43
KISAH,Men Paisley Woven Regular Fit Sherwani Set,9899,15997,38
HANGUP PLUS,Buttoned-Up Sherwani with Pyjamas,3100,9999,69
KISAH,Men Floral Woven Sherwani & Pyjamas Set,8599,14498,41
KISAH,Woven Sherwani Set,6784,11499,41
hangup,Checked Sherwani Set with Square Pocket,2900,9999,71
hangup,Mandarin Collar Sherwani Set,3120,12999,76
hangup,Abstract Sherwani Set with Front-Botton,2600,9999,74
hangup,Leaf Print Sherwani Set,3120,12999,76
hangup,Printed Sherwani Set,2700,9999,73
KISAH,Men Paisley Woven Sherwani with Kurta & Pyjamas,11199,17298,35
KISAH,Sherwani Set with Pocket Square,3693,10999,66
hangup,Indian Pattern Sherwani Set,2600,9999,74
ChitwanMohan,Sherwani & Churidar Set,2099,2999,30
SOJANYA,Solid Sherwani Set,1600,4999,68
KISAH,Floral Print Sherwani with Churidar Set,4818,7899,39
KISAH,Men Floral Woven Regular Fit Sherwani & Dhoti Set,8899,14398,38
hangup,Printed 3-Piece Sherwani Set,3120,12999,76
HANGUP PLUS,Floral Pattern Sherwani with Dhoti,2900,9999,71
ChitwanMohan,Sherwani with Dhoti Pants,2799,3999,30
Melange By Lifestyle,Embellished Sherwani with Pants Set,1500,2999,50
KISAH,Men Paisley Woven Sherwani with Kurta & Dhoti,11398,18597,39
KISAH,Men Leaf Woven Sherwani with Kurta & Churidar,10098,15500,35
KISAH,Men Geometric Woven Regular Fit Sherwani Set,8000,13600,41
KISAH,Men Geometric Woven Regular Fit Sherwani Set,9799,15999,39
KISAH,Printed Sherwani & Pyjamas Set,6986,13698,49
KISAH,Men Floral Woven Regular Fit Sherwani with Dhoti Pants,6499,11299,42
KISAH,Men Geometric Woven Sherwani with Kurta & Churidar,8998,15298,41
KISAH,Striped 3-Piece Sherwani Set,5566,12099,54
KISAH,Men Floral Woven Sherwani & Churidar Set,6899,12299,44
KISAH,Sherwani Set with Geometric Woven Motifs,8362,16397,49
KISAH,Floral Woven Sherwani with Kurta & Churidar,6952,11397,39
SOJANYA,Front Slit Sherwani Set with Micro-Print,2804,5499,49
KISAH,Men Embroidered Regular Fit Sherwani Set,8700,14599,40
KISAH,Men Floral Woven Sherwani with Kurta & Dhoti,9898,16897,41
KISAH,Men Geometric Woven Sherwani with Kurta & Dhoti,7999,13397,40
KISAH,Printed Sherwani with Dhotis,9199,16598,45
HANGUP PLUS,Buttoned-Up Sherwani Set,2900,9999,71
KISAH,Solid Sherwani Set,5904,14399,59
KISAH,Men Geometric Woven Regular Fit Sherwani Set,9599,15600,38
KISAH,Men Leaf Woven Sherwani with Kurta & Churidar,8700,13300,35
KISAH,Paisley Print Sherwani Set,6322,12397,49
hangup,Buttoned-Up Sherwani with Chudidar,2900,9999,71
KISAH,Printed Sherwani & Churidar Set,7799,15597,50
hangup,Abstract Print Sherwani Set,2900,9999,71
KISAH,Men Floral Woven Sherwani with Kurta & Pyjamas,9099,16297,44
KISAH,Men Regular Fit Sherwani with Kurta & Trousers,7800,12398,37
HANGUP PLUS,Floral Pattern Sherwani with Pyjamas,2900,9999,71
KISAH, Sherwani Set with Asymmetric Hem,3895,10499,63
KISAH,Others Sherwani Set,10799,16699,35
KISAH,Embellished Sherwani Dhoti Set,5931,13499,56
KISAH,Sherwani Set with Woven Motifs,8499,13497,37
KISAH,Mandarin-Neck Sherwani Set,3476,8999,61
KISAH,Men Chevron Pattern Regular Fit Sherwani Set,10400,15899,35
HANGUP PLUS,Geometric Print Sherwani Set with Button-Down Detail,2900,9999,71
hangup,Woven Sherwani with Dhoti Pants,2900,9999,71
hangup,Abstract Sherwani Set with Front-Botton,2900,9999,71
hangup,Floral Sherwani Set with Full-Sleeves,3100,9999,69
hangup,Silk Sherwani Set,990,2999,67
KISAH,Sherwani Set with Woven Motifs,7534,13698,45
KISAH,Floral Print Sherwani Set with Dupatta,11400,19098,40
KISAH,Men Embellished Woven Sherwani & Dhoti Set,7100,11698,39
KISAH,Floral Print Sherwani Set,8399,11499,27
KISAH,Men Floral Woven Regular Fit Sherwani with Kurta & Churidar,6698,12199,45
KISAH,Floral Print Mandarin-Neck Sherwani Set,8600,16098,47
KLOTTHE,Embellished Silk Sherwani Set,5000,19999,75
KISAH,Embellished Dhoti Sherwani Set,7899,11499,31
Deyann,Men Regular Fit Sherwani Set with Button Down,4995,9990,50
KISAH,Men Floral Woven Sherwani with Kurta & Pyjamas,7999,12898,38
KISAH,Men Self-design Regular Fit Sherwani Set,6999,11299,38
ChitwanMohan,Sherwani with Dhoti Pants,2799,3999,30
KISAH,Floral Print Mandarin-Neck Sherwani Set,7599,14298,47
hangup,Indian Sherwani Set,2900,9999,71
KISAH,Men Embellished Woven Sherwani & Pyjamas Set,6699,11198,40
KISAH,Men Floral Woven Sherwani & Dhoti Set,7798,13598,43
KISAH,Men Embellished Regular Fit Sherwani with Kurta & Pants,8899,13498,34
KISAH,Men Embroidered Regular Fit Sherwani with Pants,5899,10499,44
KISAH,Men Regular Fit Sherwani Set,8399,13198,36
KISAH,Sherwani Set with Woven Motifs,5799,12399,53
KISAH,Men Regular Fit Sherwani & Churidar Set,4799,7899,39
KISAH,Men Leaf Woven Sherwani & Pyjamas Set,7299,11599,37
Deyann,Graphic Pattern Sherwani Set,2995,5990,50
ChitwanMohan,Sherwani with Contrast Pants,2589,3699,30
KISAH,Self-design Sherwani Dhoti Set,5048,9899,49
KISAH,Floral Sherwani and Dhoti Set,7298,17299,58
KISAH,Sherwani Set with Woven Motifs,6499,11498,43
KISAH,Sherwani Set with Chevron Woven Motifs,6299,11699,46
KISAH,Men Geometric Woven Sherwani with Kurta & Pyjamas,9199,13998,34
KISAH,Men Self-Design Regular Fit Sherwani Set,10199,15999,36
KISAH,Sherwani Set with Band Collar,4199,10799,61
KISAH,Men Regular Fit Sherwani & Dhoti Pants Set,5899,8899,34
KISAH,Men Self-Design Regular Fit Sherwani Set,6699,11899,44
KISAH,Self-design Sherwani Set,6999,14099,50
hangup,2-Piece Sherwani Set,2900,9999,71
Deyann,Floral Pattern Sherwani Set,4995,9990,50
hangup,Self-design Sherwani Set,3120,12999,76
KISAH,Men Floral Woven Regular Fit Sherwani with Churidar & Dupatta,8499,10999,23
KISAH,Sherwani & Pyjamas with Floral Print Dupatta,8199,11397,28
KISAH,Geometric Print Sherwani Set,5799,8898,35
KISAH,Men Paisley Woven Sherwani with Kurta & Churidar,9998,17298,42
KISAH,Men Leaf Woven Sherwani with Kurta & Churidar,8700,14100,38
KISAH,Self-design Sherwani Set,6899,9399,27
KISAH,Straight Sherwani Set,4940,8098,39
KISAH,Men Floral Woven Sherwani with Kurta & Pants,10099,16497,39
KISAH,Men Regular Fit Sherwani Set ,5248,14399,64
KISAH,Men Regular Fit Sherwani Set,9699,15697,38
KISAH,Men Geometric Woven Regular Fit Sherwani & Dhoti Set,8200,14398,43
KISAH,Men Leaf Woven Sherwani with Kurta & Churidar,7799,12498,38
KISAH,Floral Print Sherwani Set,9499,14698,35
KISAH,Mandarin Collar Sherwani & Kurta with Churidar Set,5699,9499,40
ChitwanMohan,Sherwani with Contrast Pants,1959,2799,30
ChitwanMohan,Sherwani & Churidar Set,2099,2999,30
ChitwanMohan,Sherwani & Churidar Set,2309,3299,30
ChitwanMohan,Sherwani & Pyjama Set,2519,3599,30
ChitwanMohan,Sherwani with Contrast Pants,2449,3499,30
ChitwanMohan,Sherwani with Dhoti Pants,2799,3999,30
ChitwanMohan,Sherwani & Churidar Set,2099,2999,30
ChitwanMohan,Sherwani & Churidar Set,2309,3299,30
KISAH,Embroidery Sherwani Set,8799,15397,43
KISAH,Floral Printed Sherwani & Churidar Set,9499,16397,42
HANGUP PLUS,Buttoned-Up Sherwani with Dhoti,2900,9999,71
KISAH,Men Leaf Woven Sherwani with Kurta & Pyjamas,8199,13097,37
KISAH,Men Paisley Woven Sherwani & Dhoti Set,8999,14998,40
KISAH,Men Leaf Woven Sherwani with Kurta & Dhoti,8599,13597,37
KISAH,Men Floral Woven Sherwani with Kurta & Dhoti,9599,16097,40
KISAH,Men Floral Woven Regular Fit Sherwani Set,8199,14099,42
KISAH,Printed Mandarin-Neck Sherwani Set,7999,15697,49
KISAH,Floral Print Mandarin-Neck Sherwani Set,9000,16498,45
HANGUP PLUS,Buttoned-Up Sherwani with Pyjamas,3100,9999,69
KISAH,Men Floral Woven Sherwani with Kurta & Dhoti,10898,17098,36
KISAH,Men Paisley Woven Sherwani with Kurta & Pyjamas,10599,18097,41
KISAH,Men Floral Woven Sherwani with Kurta & Dhoti,10200,17397,41
KISAH,Men Floral Woven Sherwani & Dhoti Set,6399,11198,43
KISAH,Mandarin-Collar Sherwani with Churidar Set,7699,11899,35
hangup,Ckecked Indian Sherwani Set,2900,9999,71
hangup,Buttoned-Up Sherwani with Pyjamas,2900,9999,71
KISAH,Men Self-Design Regular Fit Sherwani Set,6999,11099,37
ALTHEORY,Brand Print Crew-Neck Sweatshirt,675,1499,55
KISAH,Paisley Print Sherwani Set,8800,14897,41
KISAH,Men Floral Woven Sherwani & Pyjamas Set,7900,14099,44
KISAH,Men Floral Woven Sherwani & Pyjamas Set,8499,14898,43
KISAH,Embroidered Cotton Silk Sherwani Set,9299,15997,42
hangup,Self-design Sherwani Set,3120,12999,76
hangup,3-Piece Button-Front Sherwani Set,3120,12999,76
ChitwanMohan,Sherwani with Dhoti Pants,2799,3999,30
ChitwanMohan,Sherwani with Dhoti Pants,2799,3999,30
Deyann,3-Piece Sherwani Set,5995,11990,50
Anil Kumar Ajit Kumar,Self-Design Sherwani Set with Welt Pocket,3900,9999,61
Kisah Plus,Men Floral Pattern 3-Piece Sherwani Set,9998,16399,39
Anil Kumar Ajit Kumar,Woven Sherwani Set,2925,7499,61
Anil Kumar Ajit Kumar,Sherwani Set with Mandarin Collar,3450,7499,54
KISAH,Men Floral Print Regular Fit Sherwani Set,8399,15299,45
KISAH,Men Maple-Leaf Woven Regular Fit Sherwani Set,7799,15299,49
KISAH,3-Piece Sherwani Set,4978,10499,53
KISAH,Leaf Print Sherwani Set,7799,12499,38
KISAH,Men Floral Woven Regular Fit Sherwani Set,6599,10999,40
Deyann,Men Regular Fit Sherwani Set with Button Down,4995,9990,50
KISAH,Men Regular Fit Sherwani Set,6599,10999,40
KISAH,Chevron Print Sherwani Set,7399,13699,46
KISAH,Floral Print Sherwani Set,8499,13697,38
KISAH,Sherwani Set with Chevron Woven Motifs,7699,13699,44
KISAH,Mandarin-Collar Sherwani & Kurta with Churidar Set,9600,16298,41
KISAH,Mandarin-Collar Sherwani with Churidar Set,8899,14898,40
KISAH,Men Geometric Woven Sherwani & Pyjamas Set,7399,12999,43
KISAH,Men Leaf Woven Regular Fit Sherwani Set,6699,12499,46
KISAH,Men Floral Woven Regular Fit Sherwani Set,7099,11199,37
KISAH,Men Leaf Print Regular Fit Sherwani Set,7900,14099,44
KISAH,Men Leaf Woven Regular Fit Sherwani Set,5699,10999,48
KISAH,Printed Mandarin-Neck Sherwani Set,9899,17898,45
KISAH,Printed Mandarin-Neck Sherwani Set,6199,13098,53
KISAH,Paisley Print Mandarin-Neck Sherwani Set,11400,19497,42
KISAH,Buttoned-Up 3-Piece Sherwani Set,5699,12199,53
KISAH,Printed Mandarin-Neck Sherwani Set,10898,19797,45
KISAH,Block Print Sherwani Set,6299,8798,28
KISAH,Men Geometric Woven Sherwani with Kurta & Dhoti,9999,14798,32
KISAH,Men Geometric Woven Sherwani with Kurta & Dhoti,9998,16297,39
KISAH,Men Floral Woven Sherwani & Dhoti Set,6799,11698,42
KISAH,Men Floral Woven Sherwani & Pyjamas Set,7799,12399,37
KISAH,Mandarin-Collar Sherwani with Churidar Set,7699,12299,37
KISAH,Men Floral Woven Sherwani & Dhoti Set,9199,15899,42
KISAH,Men Leaf Woven Sherwani with Kurta & Dhoti,9799,15797,38
KISAH,Men Floral Woven Sherwani with Kurta & Dhoti,9499,15797,40
hangup,Woven Sherwani with Pyjamas,2900,9999,71
Deyann,Men Embroidered Regular Fit Sherwani Set,5995,11990,50
KISAH,Men Regular Fit Sherwani with Kurta & Churidar,6399,9999,36
KISAH,Men Regular Fit Sherwani with Churidar & Dupatta,4999,14399,65
KISAH,Men Embroidered Regular Fit Sherwani Set,8499,12799,34
KISAH,Men Embroidered Regular Fit Sherwani Set,9099,14098,35
KISAH,Men Embroidered Regular Fit Sherawni Set,7999,12699,37
KISAH,Men Geometric Woven Regular Fit Sherwani Set,7699,12099,36
KISAH,Men Geometric Woven Regular Fit Sherwani Set,10399,16498,37
KISAH,Men Geometric Woven Regular Fit Sherwani Set,8099,12199,34
KISAH,Men Self-Design Regular Fit Sherwani Set,8999,14399,38
KISAH,Men Self-Design Regular Fit Sherwani Set,10399,16599,37
KISAH,Men Self-Design Regular Fit Sherwani Set,6499,11499,43
KISAH,Men Geometric Print Regular Fit Sherwani Set,7499,12099,38
KISAH,Men Geometric Print Regular Fit Sherwani Set,10699,17298,38
KISAH,Men Embroidered Regular Fit Sherwani Set,7900,12799,38
KISAH,Men Self-Design Regular Fit Sherwani Set,6699,11499,42
hangup,2-Piece Sherwani Set,2900,9999,71
KISAH,Solid Sherwani Set,5220,11599,55
KISAH,Men Woven Regular Fight Sherwani with Kurta & Pants Set,10198,16599,39
Anil Kumar Ajit Kumar,Self-Design Sherwani Set,4463,7199,38
KISAH,Buttoned-Up 3-Piece Sherwani Set,7100,12799,45
KISAH,Paisley Woven Sherwani with Churidar & Dupatta,9099,13299,32
KLOTTHE,Embellished Silk Sherwani Set,5000,19999,75
ChitwanMohan,Sherwani with Dhoti Pants,2099,2999,30
KISAH,Men Regular Fit Sherwani Set,4599,9999,54
KISAH,Men Regular Fit Sherwani with Churidar Set,4799,7899,39
KISAH,Floral Print Sherwani Set,7699,13598,43
KISAH,Men Floral Woven Sherwani & Dhoti Set,7999,14098,43
KISAH,Men Geometric Woven Sherwani with Kurta & Churidar,9299,15898,42
KISAH,Floral Woven Sherwani with Churidar,5599,10599,47
KISAH,Men Paisley Woven Sherwani with Kurta & Dhoti,8199,13697,40
Anil Kumar Ajit Kumar,Self-Design Sherwani Set,4463,7199,38
KISAH,Men Geometric Woven Sherwani with Kurta & Pyjamas,9300,15897,42
ChitwanMohan,Sherwani & Churidar Set,2099,2999,30
hangup,Indian Pattern Sherwani Set with Pocket,2900,9999,71
KISAH,Men Floral Pattern Regular Fit Sherwani with Kurta & Churidar,8399,13099,36
KISAH,Men Floral Woven Regular Fit Sherwani with Dhoti Pants,6199,10799,43
ChitwanMohan,Sherwani & Churidar Set,2099,2999,30
ChitwanMohan,Sherwani & Churidar Set,2099,2999,30
ChitwanMohan,Sherwani & Churidar Set,2099,2999,30
KISAH,Men Paisley Woven Sherwani with Kurta & Pyjamas,7898,13197,40
Deyann,Men Embroidered Regular Fit Sherwani Set,5995,11990,50
KISAH,Men Regular Fit Sherwani Set,6499,10099,36
KISAH,Men Geometric Woven Sherwani with Kurta & Pyjamas,7700,12897,40
hangup,Indian Sherwani Set,2900,9999,71
Deyann,Graphic Pattern Sherwani Set,2995,5990,50
ChitwanMohan,Floral Print Sherwani Set,2599,3999,35
hangup,Sherwani Set with Asymmetric Hem,2900,9999,71
ChitwanMohan,Sherwani with Dhoti Pants,3079,4399,30
SOJANYA,Front Slit Sherwani Set with Mandarin Collar,3244,5499,41
Deyann,Floral Pattern Sherwani Set,2995,5990,50
KISAH,Kurta & Dhoti Set with Jacket,7999,13599,41
KISAH,Floral Woven Sherwani Set,7900,18899,58
Anil Kumar Ajit Kumar, Floral Print Sherwani Set,4200,9999,58
Anil Kumar Ajit Kumar,Embellished Sherwani Set,3900,9999,61
Anil Kumar Ajit Kumar,Embellished Sherwani Set,4000,9999,60
Anil Kumar Ajit Kumar, Floral Print Sherwani Set,3900,9999,61
KISAH,Sherwani Set with Square Pocket,6999,10499,33
KISAH,Woven Sherwani Set with Metal Accent,8899,13099,32
Anil Kumar Ajit Kumar,Embellished Sherwani Set,3900,9999,61
KISAH,Sherwani Set with Metal Accent,6900,13799,50
KISAH,Embellished Sherwani Set,5308,9999,47
KISAH,Woven Sherwani Set,5399,11099,51
KISAH,Self-design Sherwani Set,5999,11099,46
KISAH,Woven Sherwani Set with Welt Pocket,5099,12099,58
KISAH,Floral Woven Sherwani Set,6998,15099,54
KISAH,Floral Woven Sherwani Set,6999,14099,50
KISAH,Paisley Sherwani and Churidar Set,5499,11599,53
KISAH,Floral Woven Sherwani Set,9200,18499,50
KISAH,Sherwani Set with Mandarin Collar,6699,10999,39
Kisah Plus,Men Floral Pattern 3-Piece Sherwani Set,9998,16399,39
KISAH,Self-design Sherwani Set,6499,10599,39
KISAH,Jacquard Sherwani Set,6700,13298,50
KISAH,Printed Sherwani Set,5599,10398,46
KISAH,Floral Print Sherwani Set,6199,9098,32
KISAH,Floral Woven Sherwani with Kurta & Pyjamas,7999,12297,35
KISAH,Men Regular Fit Sherwani & Churidar,4699,7999,41
KISAH,Men Floral Woven Regular Fit Sherwani with Kurta & Churidar,6999,10599,34
Deyann,Men Regular Fit Sherwani Set with Woven Motifs,4495,8990,50
Deyann,Men Embroidered Regular Fit Sherwani Set,5995,11990,50
KISAH,Floral Print Sherwani Set,8599,15497,45
KISAH,Sherwani Set with Woven Motifs,7699,13598,43
KISAH,Sherwani Set with Geometric Woven Motifs,7900,13898,43
KISAH,Sherwani Set with Woven Motifs,9699,16497,41
KISAH,Sherwani Set with chevron woven motifs,5899,11699,50
KISAH,Sherwani Set with Woven Motifs,10299,16097,36
HANGUP PLUS,Buttoned-Up Sherwani with Pyjamas,3100,9999,69
KISAH,Men Leaf Woven Sherwani & Dhoti Set,6799,11698,42
KISAH,Men Regular Fit Sherwani Set,4799,7899,39
KISAH,Men Geometric Woven Regular Fit Sherwani Set,8799,16499,47
KISAH,Buttoned-Up 3-Piece Sherwani Set,6799,14399,53
KISAH,Embellished Sherwani Set,7499,12797,41
KISAH,Solid Sherwani Set,5699,12199,53
KISAH,Printed Kurta & Churidar Set,5399,9999,46
KISAH,Printed Mandarin-Collar Sherwani Set,6699,12499,46
KISAH,Others Sherwani Set,8699,13399,35
KISAH,Men Floral Woven Regular Fit Sherwani Set,9499,16598,43
KISAH,Men Geometric Woven Sherwani with Kurta & Dhoti,9699,16397,41
KISAH,Men Floral Woven Sherwani with Kurta & Pyjamas,10098,14697,31
KISAH,Men Floral Woven Sherwani with Kurta & Pyjamas,9000,15397,42
KISAH,Men Floral Woven Sherwani & Pyjamas Set,6698,13698,51
KISAH,Men Leaf Woven Regular Fit Sherwani & Churidar Set,6299,12899,51
KISAH,Embroidered Cotton Silk Sherwani Set,7899,14698,46
Deyann,Men Embroidered Regular Fit Sherwani Set,5995,11990,50
Deyann,Men Embroidered Regular Fit Sherwani Set,5995,11990,50
Deyann,Men Regular Fit Sherwani Set with Woven Motifs,4995,9990,50
Deyann,Men Embroidered Regular Fit Sherwani Set,5995,11990,50
KISAH,Men Regular Fit Sherwani with Dhoti Pants Set,5399,9599,44
KISAH,Men Floral Woven Regular Fit Sherwani with Kurta & Churidar,5900,11899,50
KISAH,Men Geometric Woven Regular Fit Sherwani Set,10299,16100,36
KISAH,Men Floral Woven Regular Fit Sherwani Set,7499,13299,44
KISAH,Printed Mandarin-Neck Sherwani Set,9049,18097,50
SOJANYA,Textured Slim Fit Sherwani Set,2859,5499,48
KISAH,Mandarin-Collar Sherwani & Kurta with Churidar Set,7898,13297,41
KISAH,Men Floral Woven Sherwani & Churidar Set,8199,13899,41
KISAH,Floral Print Sherwani Set,6899,10198,32
KISAH,Men Regular Fit Sherwani Set,5699,9599,41
HANGUP PLUS,Paisley Print Sherwani with Churidar,3100,9999,69
KISAH,Solid Sherwani Set,7100,12799,45
KISAH,Men Leaf Woven Sherwani & Churidar Set,6699,10800,38
HANGUP PLUS,Buttoned-Up Sherwani with Churidar,3100,9999,69
KISAH,Men Paisley Woven Sherwani & Dhoti Set,8199,13998,41
SOJANYA,Textured Sherwani Set,1850,4999,63
KISAH,Embellished Sherwani Set,6399,10998,42
hangup,Jodhpuri Sherwani with Pyjamas,2900,9999,71
hangup,Textured 3-Piece Sherwani Set,3120,12999,76
hangup,3-Piece Asymmetric Sherwani Set,3100,9999,69
Deyann,Floral Pattern Sherwani Set,6995,13990,50
SOJANYA, Sherwani Set,3244,5499,41
ChitwanMohan,Sherwani with Dhoti Pants,2799,3999,30
Deyann,Floral Pattern Sherwani Set,2995,5990,50
Deyann,Paisley Pattern Sherwani Set,2995,5990,50
Anil Kumar Ajit Kumar,Self-design Sherwani Set,3100,9999,69
Anil Kumar Ajit Kumar,Floral Print Sherwani Set,4000,9999,60
KISAH,Floral Print Sherwani Suit Set,7799,14299,45
KISAH,Men Regular Fit Sherwani with Kurta & Dhoti Pants,6999,11999,42
Anil Kumar Ajit Kumar,Woven Sherwani Set,4000,9999,60
Anil Kumar Ajit Kumar,Woven Sherwani Set,3900,9999,61
Anil Kumar Ajit Kumar,Self-Design Sherwani Set,3967,6399,38
Anil Kumar Ajit Kumar,Embellished Sherwani Set,4959,7999,38
KISAH,Self-design Sherwani Set,6299,10899,42
KISAH,Floral Woven Sherwani Set,8199,17099,52
KISAH,Floral Woven Sherwani Set,7099,14499,51
KISAH,Floral Woven Sherwani Set,5799,13499,57
KISAH,Floral Woven Sherwani Set,5099,12099,58
KISAH,Striped Sherwani Set,4799,10099,52
KISAH,Mandarin-Neck Sherwani Set,5199,8499,39
KISAH,Floral Print Sherwani Set,5299,8999,41
KISAH, Mandarin-Neck Sherwani Set,7999,12499,36
KISAH,Floral Print Sherwani Set,5199,8398,38
KISAH,Sherwani with Kurta & Churidar,6999,10197,31
KISAH,Men Floral Woven Regular Fit Sherwani Set,4699,10999,57
KISAH,Men Regular Fit Sherwani with Churidar & Dupatta,7299,15299,52
KISAH,Men Floral Woven Regular Fit Sherwani with Kurta & Churidar,7699,11499,33
Deyann,Men Regular Fit Sherwani Set with Floral Woven Motifs,4995,9990,50
Deyann,Men Regular Fit Sherwani Set with Woven Motifs,4495,8990,50
Deyann,Men Embroidered Regular Fit Sherwani Set,5995,11990,50
KISAH,Printed Sherwani & Dhoti Set,10600,17497,39
KISAH,Sherwani Set with Geometric Woven Motifs,7699,12997,41
HANGUP PLUS,Buttoned-Up Sherwani with Dhoti,2900,9999,71
KISAH,Men Floral Woven Sherwani with Kurta & Dhoti,10599,16997,38
KISAH,Men Floral Woven Regular Fit Sherwani Set,10099,13399,25
KISAH,Floral Print Sherwani Set,6199,9898,37
KISAH,Printed Mandarin-Neck Sherwani Set,8699,16297,47
KISAH,Men Paisley Woven Sherwani with Kurta & Pyjamas,10999,18097,39
hangup,Jodhpuri Sherwani with Pyjamas,2900,9999,71
HANGUP PLUS,Buttoned-Up Sherwani with Churidar,2900,9999,71
Deyann,Men Embroidered Regular Fit Sherwani Set,5995,11990,50
Deyann,Men Regular Fit Sherwani Set with Woven Motifs,6995,13990,50
Deyann,Men Regular Fit Sherwani Set with Woven Motifs,4995,9990,50
KISAH,Men Floral Woven Regular Fit Sherwani & Churidar Set,4699,9099,48
KISAH,Men Floral Woven Regular Fit Sherwani with Kurta & Churidar,6899,11399,39
KISAH,Men Geometric Woven Regular Fit Sherwani Set,8598,14398,40
KISAH,Men Floral Print Regular Fit Sherwani with Kurta & Churidar,11299,16999,34
KISAH,Men Regular Fit Sherwani Set,10099,16197,38
SOJANYA,Micro Print Sherwani Set,1850,4999,63
ChitwanMohan,Sherwani & Churidar Set,2099,2999,30
KISAH,Floral Woven Sherwani Set,5800,12499,54
HANGUP PLUS,Checked Sherwani & Pyjamas Set,2900,9999,71
ChitwanMohan,Sherwani & Pyjama Set,2519,3599,30
hangup,Printed Sherwani Set,3120,12999,76
KISAH,Jacquard Sherwani Set,7299,13398,46
KISAH,Men Floral Woven Regular Fit Sherwani with Kurta & Dhoti Pants,7999,13599,41
KISAH,Men Paisley Woven Sherwani with Kurta & Dhoti,11199,18597,40
KISAH,Men Floral Woven Regular Fit Sherwani Set,8099,14699,45
KISAH,Embellished Sherwani Churidar Set,4101,10499,61
KISAH,Sherwani Set with Pocket Square,5299,10499,50
KISAH,Men Printed Regular Fit Sherwani Set,10598,16799,37
KISAH,Men Geometric Woven Sherwani & Pyjamas Set,5799,10099,43
hangup,Indian Pattern Sherwani Set,2900,9999,71
hangup,Indian Sherwani Set,2900,9999,71
HANGUP PLUS,Floral Print Sherwani with Pyjamas,2900,9999,71
HANGUP PLUS, Paisley Print Sherwani with Pyjamas ,2900,9999,71
KISAH,Printed Full-Length Sleeve Sherwani Set,5899,9499,38
hangup,Sherwani Set with Patterned Weave,3120,12999,76
HANGUP PLUS,Houndstooth Sherwani with Dhoti,2900,9999,71
SOJANYA,Sherwani Set with Micro Print Detail,3244,5499,41
SOJANYA,Sherwani Set with Micro Print Detail,3244,5499,41
Anil Kumar Ajit Kumar,Embellished Sherwani Set,4000,9999,60
Anil Kumar Ajit Kumar,Embellished Sherwani Set,3900,9999,61
Anil Kumar Ajit Kumar,Embellished Sherwani Set,3900,9999,61
Anil Kumar Ajit Kumar,Mandarin-Neck Sherwani Set,2925,7499,61
Anil Kumar Ajit Kumar,Full-Sleeve Sherwani Set with Pocket Square,2925,7499,61
Anil Kumar Ajit Kumar,Floral Print Sherwani Set,3900,9999,61
Anil Kumar Ajit Kumar,Self-Design Sherwani Set,3967,6399,38
KISAH,Woven Sherwani Set,5699,12099,53
KISAH,Sherwani Set with Floral Woven Motifs ,6699,13799,51
KISAH,Floral Print Sherwani Set,5999,9798,39
Deyann,Men Embroidered Regular Fit Sherwani Set,5995,11990,50
KISAH,Sherwani Set with Woven Motifs,8799,15297,42
HANGUP PLUS,Buttoned-Up Sherwani with Dhoti,2900,9999,71
hangup,Buttoned-Up Sherwani with Pyjamas,2900,9999,71
Deyann,Men Regular Fit Sherwani Set with Woven Motifs,4995,9990,50
KISAH,Floral Print Sherwani Set,6399,11698,45
Anil Kumar Ajit Kumar,Woven Sherwani Set,3900,9999,61
hangup,Buttoned-Up Sherwani with Pyjamas,2900,9999,71
SOJANYA,Sherwani Set with Micro Print Detail,3244,5499,41
KISAH,Sherwani with Kurta & Pyjamas,7299,10597,31
KISAH,Sherwani Set with Woven Motifs,6499,13298,51
KISAH,Men Woven Regular Fit Sherwani with Kurta Dhoti Set,11298,16798,33
KISAH,Sherwani Set with Woven Motifs,7098,14897,52
HANGUP PLUS,Elephant Print Sherwani & Pyjamas Set,3100,9999,69
HANGUP PLUS,Buttoned-Up Sherwani with Pyjamas,3100,9999,69
hangup,Floral Sherwani Set,2900,9999,71
Deyann,Textured Button Placket Achkan & Sherwani Set,3295,6590,50
Deyann,Textured Sherwani Set,3295,6590,50
Deyann,Textured Sherwani with Achkan Set ,3295,6590,50
Deyann,Floral Pattern Sherwani Set,4995,9990,50
Deyann,Textured Short Button Placket Sherwani Set ,3295,6590,50
Deyann,Sherwani Set with Block Print Dupatta,5995,11990,50
Deyann,Textured Sherwani Set with Full Sleeves,3295,6590,50
Deyann,Textured Sherwani with Open Achkan Set,3995,7990,50
Deyann,Floral Self Design Full Sleeves Sherwani Set,3995,7990,50
Deyann,Checked Sherwani Set,4995,9990,50
Deyann,Textured Sherwani Set with Mandarin Collar,3295,6590,50
Deyann,Floral Self Design Ethnic Sherwani Set,3995,7990,50
Deyann,3-Piece Sherwani Set,5995,11990,50
Deyann,3-Piece Sherwani Set,5995,11990,50
SOJANYA,Textured Button Down Sherwani Set,3244,5499,41
SOJANYA,Front Slit Sherwani Set with Micro-Print,3244,5499,41
Deyann,Striped Achkan with Sherwani Set,3995,7990,50
Deyann,3-Piece Sherwani Set,5995,11990,50
Deyann,3-Piece Sherwani Set,5995,11990,50
Deyann,3-Piece Sherwani Set,5995,11990,50
Deyann,Geometric Pattern Sherwani Set,4995,9990,50
Anil Kumar Ajit Kumar,Typographic Print Sherwani Set,3471,5599,38
Anil Kumar Ajit Kumar,Floral Patterned Sherwani Set with Pocket Square,4400,9999,56
KISAH,Woven Sherwani Set with Metal Accent,6799,10099,33
KISAH,Floral Woven Sherwani Suit Set,7099,14499,51
Luxrio,Slim Fit Sherwani Set with Welt Pocket,11249,14999,25
Anil Kumar Ajit Kumar,Embellished Sherwani Set,3900,9999,61
Anil Kumar Ajit Kumar,Embellished Sherwani Set,3900,9999,61
KISAH,Woven Sherwani Set with Metal Accent,7900,13599,42
KISAH,Floral Woven Sherwani Suit Set,8399,17099,51
KISAH,Floral Woven Sherwani Suit Set,8399,17099,51
Anil Kumar Ajit Kumar,Solid Sherwani Set,4499,7499,40
KISAH,Self-design Sherwani Set,7599,15499,51
Anil Kumar Ajit Kumar,Woven Sherwani Set,4000,9999,60
Anil Kumar Ajit Kumar,Self-Design Sherwani Set,4463,7199,38
Anil Kumar Ajit Kumar,Self-Design Sherwani Set,4959,7999,38
Anil Kumar Ajit Kumar,Self-Design Sherwani Set,4463,7199,38
Anil Kumar Ajit Kumar,Self-Design Sherwani Set,3967,6399,38
Anil Kumar Ajit Kumar,Self-Design Sherwani Set,4959,7999,38
Anil Kumar Ajit Kumar,Embellished Sherwani Set,4959,7999,38
Anil Kumar Ajit Kumar,Self-Design Sherwani Set,4463,7199,38
Anil Kumar Ajit Kumar,Self-Design Sherwani Set,4463,7199,38
Anil Kumar Ajit Kumar,Embellished Sherwani Set,4463,7199,38
KISAH,2-Piece Sherwani Set,8598,12899,33
KISAH,Abstract Print Sherwani Set,6199,9399,34
KISAH,Floral Print Sherwani with Churidar Set,5699,7899,28
KISAH,Self-design Sherwani Set,5599,10899,49
Anil Kumar Ajit Kumar,Self-Design Sherwani Set,4463,7199,38
KISAH,Self-design Sherwani Set,5199,7899,34
KISAH,Abstract Print Sherwani Set,6199,9499,35
KISAH,Striped Sherwani Set with Welt Pocket,6200,12099,49
KISAH,Paisley Sherwani and Dhoti Set,6399,12999,51
KISAH,Floral Sherwani and Churidar Set,7599,15099,50
KISAH,Striped Sherwani Set with Welt Pocket,5699,11499,50
KISAH,Mandarin Collar Sherwani Sets,6698,12199,45
Anil Kumar Ajit Kumar,Self-Design Sherwani Set,4959,7999,38
Anil Kumar Ajit Kumar,Geometric Print Sherwani Set,3471,5599,38
KISAH,Micro Printed Sherwani Set,7898,15499,49
KISAH,Woven Sherwani Set with Welt Pocket,6400,14099,55
KISAH,Floral Woven Sherwani Set,7500,15099,50
Anil Kumar Ajit Kumar,Banarasi Jamawar Sherwani & Dhoti Set,3471,5599,38
KISAH,Floral Print Sherwani Set,8399,17099,51
KISAH,Men Leaf Print Regular Fit Sherwani Set,6599,12799,48
KISAH,Floral Print Sherwani Set with Pocket Square,7900,13499,41
KISAH,Solid Mandarin-Neck Sherwani Set,6699,11499,42
KISAH,3-Piece Printed Sherwani Set,7099,11999,41
KISAH,Woven Sherwani Set with Metal Accent,6300,12599,50
KISAH, Sherwani Set with Asymmetric Hem,6999,11999,42
KISAH,Chevron Print Sherwani Suit Set,6399,12599,49
Deyann,3-Piece Sherwani Set,5995,11990,50
KISAH,Chevron Pattern Sherwani Set,6599,13598,51
KISAH,Floral Woven Sherwani with Kurta & Churidar,7299,11197,35
KISAH,Floral Print Sherwani Set,6699,9398,29
KISAH,Floral Print Sherwani Set,6499,10198,36
KISAH,Floral Print Sherwani Set,7300,13098,44
KISAH,Floral Pattern Sherwani Set,5499,8498,35
KISAH,Floral Print Sherwani Set,6299,9798,36
KISAH,Floral Print Sherwani Set,6499,9398,31
KISAH,Sherwani with Kurta & Churidar,6599,9697,32
KISAH,Men Regular Fit Sherwani with Dhoti Pants,5799,10099,43
KISAH,Men Geometric Woven Regular Fit Sherwani & Dhoti Pants,6199,10499,41
KISAH,Men Leaf Woven Regular Fit Sherwani with Kurta & Churidar,6400,12199,48
KISAH,Men Regular Fit Sherwani Set,7398,11499,36
KISAH,Men Floral Woven Regular Fit Sherwani with Kurta & Churidar,8399,13499,38
KISAH,Men Printed Regular Fit Sherwani with Kurta & Churidar,6899,11599,41
KISAH,Men Floral Woven Regular Fit Sherwani & Dhoti Pants,6599,12499,47
KISAH,Men Floral Woven Regular Fit Sherwani & Churidar,6998,15099,54
Deyann,Men Floral Print Regular Fit Sherwani Set,4995,9990,50
KISAH,Men Regular Fit Sherwani with Kurta & Churidar,6599,11399,42
KISAH,Men Regular Fit Sherwani with Kurta & Dhoti Pants,7399,12899,43
KISAH,Men Regular Fit Sherwani with Dhoti Pants,5599,9499,41
Deyann,Men Regular Fit Sherwani Set with Woven Motifs,4495,8990,50
Deyann,Men Regular Fit Sherwani Set with Mandarin Collar,4995,9990,50
Deyann,Men Embroidered Regular Fit Sherwani Set,5995,11990,50
Deyann,Men Embellished Sherwani Set,4495,8990,50
KISAH,Printed Sherwani & Dhoti Set,8498,17497,51
KISAH,Printed Sherwani & Churidar Set,8599,15097,43
KISAH,Full Sleeves Sherwani Set,7399,13699,46
KISAH,Sherwani Set with Woven Motifs,7399,12997,43
KISAH,Mandarin-Collar Sherwani Set with Button-Down Detail,5699,12199,53
HANGUP PLUS,Buttoned-Up Sherwani with Pyjamas,3100,9999,69
KISAH,Men Floral Woven Sherwani with Kurta & Pyjamas,9099,15597,42
KISAH,Men Embellished Woven Sherwani with Kurta & Pyjamas,8799,13997,37
KISAH,Men Paisley Woven Sherwani & Dhoti Set,9099,16098,43
KISAH,Men Printed Regular Fit Sherwani Set,5399,9999,46
KISAH,Men Regular Fit Sherwani Set,6499,10299,37
KISAH,Men Regular Fit Sherwani Set,6899,11699,41
KISAH,Men Regular Fit Sherwani Set ,7498,11499,35
KISAH,Men Leaf Woven Regular Fit Sherwani Set,7999,13299,40
KISAH,Men Leaf Woven Regular Fit Sherwani Set,5999,11599,48
KISAH,Men Leaf Woven Regular Fit Sherwani Set,5999,11599,48
KISAH,Men Geometric Woven Regular Fit Sherwani Set,5300,10599,50
KISAH,Men Regular Fit Sherwani Set,6400,12799,50
KISAH,Men Floral Woven Regular Fit Sherwani Set,5199,8498,39
KISAH,Men Leaf Print Regular Fit Sherwani Set,5499,8899,38
KISAH,Men Regular Fit Sherwani Set,7698,15299,50
KISAH,Chevron Pattern Sherwani Set,6599,13398,51
KISAH,Leaf Woven Sherwani with Kurta & Dhoti Pants,8099,12397,35
KISAH,Floral Print Mandarin-Neck Sherwani Set,9299,15597,40
KISAH,Printed Mandarin-Neck Sherwani Set,7299,14898,51
KISAH,Buttoned-Up 3-Piece Sherwani Set,6698,12199,45
KISAH,Sherwani Set with Woven Motifs,8799,14097,38
KISAH,Buttoned-Up 3-Piece Sherwani Set,7699,13699,44
HANGUP PLUS,Buttoned-Up Sherwani with Pyjamas,3100,9999,69
KISAH,Sherwani Set with Woven Motifs,8099,12797,37
KISAH,Geometric Print Sherwani Set,6699,14098,52
KISAH,Full Sleeves Sherwani Set,7999,14399,44
KISAH,Mandarin Collar Sherwani & Kurta with Churidar Set,7799,11899,34
KISAH,Floral Print Sherwani Set,7600,12297,38
KISAH,Men Geometric Woven Sherwani with Kurta & Churidar,8199,13198,38
KISAH,Men Geometric Woven Regular Fit Sherwani & Pants Set,6299,10898,42
KISAH,Men Leaf Woven Sherwani with Kurta & Churidar,7599,12298,38
KISAH,Men Floral Woven Sherwani & Pyjamas Set,9698,16698,42
KISAH,Sherwani Set with Woven Motifs,8198,12297,33
Deyann,Men Embroidered Regular Fit Sherwani Set,5995,11990,50
Deyann,Men Regular Fit Sherwani Set with Mandarin Collar,4995,9990,50
Deyann,Men Regular Fit Sherwani Set with Mandarin Collar,4995,9990,50
Deyann,Men Embroidered Regular Fit Sherwani Set,5995,11990,50
Deyann,Men Printed Regular Fit Sherwani Set,4495,8990,50
KISAH,Leaf Woven Sherwani with Kurta & Churidar,7299,10697,32
KISAH,Block Print Sherwani Set,7899,12298,36
Deyann,Men Printed Regular Fit Sherwani Set,4495,8990,50
Deyann,Men Regular Fit Sherwani Set with Woven Motifs,4495,8990,50
Deyann,Men Regular Fit Sherwani Set with Woven Motifs,4495,8990,50
Deyann,Men Printed Regular Fit Sherwani Set,6995,13990,50
Deyann,Men Embroidered Regular Fit Sherwani Set,5995,11990,50
Deyann,Men Regular Fit Sherwani Set with Button Down,4995,9990,50
Deyann,Men Embroidered Regular Fit Sherwani Set,5995,11990,50
Deyann,Men Embroidered Regular Fit Sherwani Set,5995,11990,50
Deyann,Men Regular Fit Sherwani Set with Woven Motifs,4495,8990,50
Deyann,Men Regular Fit Sherwani Set with Button Down,4995,9990,50
Deyann,Men Regular Fit Sherwani Set with Mandarin Collar,4995,9990,50
Deyann,Men Regular Fit Sherwani Set with Mandarin Collar,4995,9990,50
KISAH,Men Regular Fit Kurta & Dhotis with Sherwani,9498,12999,27
KISAH,Men Regular Fit Sherwani with Kurta & Churidar,6299,10399,39
KISAH,Men Floral Woven Regular Fit Sherwani with Kurta & Churidar,7299,11899,39
Deyann,Men Embroidered Regular Fit Sherwani Set,5995,11990,50
KISAH,Men Leaf Woven Regular Fit Sherwani & Churidar,5899,9999,41
KISAH,Men Floral Woven Regular Fit Sherwani & Dhoti Pants Set,9200,18499,50
HANGUP PLUS,Sherwani Set with Button Closure,3100,9999,69
KISAH,Men Printed Regular Fit Sherwani Set,8700,14599,40
KISAH,Men Geometric Print Regular Fit Sherwani Set,9499,13599,30
KISAH,Men Self-design Regular Fit Sherwani Set,7299,12099,40
KISAH,Men Embellished Regular Fit Sherwani Set,14399,19198,25
KISAH,Men Floral Woven Sherwani with Kurta & Churidar,9699,13898,30
HANGUP PLUS,Buttoned-Up Sherwani with Pyjamas,3120,12999,76
hangup,Leaf Print Sherwani with Pyjamas,2900,9999,71
HANGUP PLUS,Buttoned-Up Sherwani with Pyjamas,2900,9999,71
HANGUP PLUS,Floral Print Sherwani Set with Button-Down Detail,2900,9999,71
ALTHEORY,Brand Print Crew-Neck Sweatshirt,675,1499,55
hangup,Band Collar Sherwani Set,2900,9999,71
hangup,Indian Pattern Sherwani Set,2900,9999,71
HANGUP PLUS,Floral Woven Sherwani Set with Button-Down Detail,2900,9999,71
KISAH,Men Embellished Regular Fit Sherwani with Kurta & Churidar,11699,16699,30
hangup,Polka-Dot Print 3-Piece Sherwani Set,3120,12999,76
hangup,Elephant Pattern Sherwani Set,2900,9999,71
hangup,Woven Sherwani with Pyjamas,2900,9999,71
hangup,Indian Sherwani Set,2900,9999,71
hangup,Buttoned-Up Sherwani with Pyjamas,2900,9999,71
Deyann,Floral Pattern Sherwani Set,4995,9990,50
Deyann,Floral Pattern Sherwani Set,6995,13990,50
Deyann,Floral Pattern Ethnic Sherwani Set,3995,7990,50
Deyann,Ethnic Floral Self Design Sherwani Set,3995,7990,50
Deyann,3-Piece Sherwani Set,5995,11990,50
Deyann,Floral Self-Design Mandarin Collar Sherwani Set,3995,7990,50
Deyann,Striped Full Sleeves Sherwani Set,3995,7990,50
Anil Kumar Ajit Kumar,Self-design Sherwani Set,3900,9999,61
Luxrio,Solid Sherwani Set,11249,14999,25
Anil Kumar Ajit Kumar,Self-design Sherwani Set,4000,9999,60
Anil Kumar Ajit Kumar,Self-Design Sherwani Set,3900,9999,61
KISAH,Floral Pattern Sherwani Set,7798,12799,39
KISAH,Men Printed Regular Fit Sherwani Set,6999,10499,33
Anil Kumar Ajit Kumar,Self-Design Sherwani Set,4463,7199,38
Anil Kumar Ajit Kumar,Self-Design Sherwani Set,4463,7199,38
Anil Kumar Ajit Kumar,Self-Design Sherwani Set,4463,7199,38
Anil Kumar Ajit Kumar,Self-Design Sherwani Set,4463,7199,38
Anil Kumar Ajit Kumar,Embellished Sherwani Set,4463,7199,38
Anil Kumar Ajit Kumar,Self-Design Sherwani Set,5455,8799,38
Anil Kumar Ajit Kumar,Self-Design Sherwani Set,4463,7199,38
KISAH,Striped Sherwani Set,7399,10799,31
KISAH,Printed Sherwani Suit Set,6699,13299,50
Anil Kumar Ajit Kumar,Self-design Sherwani Set,4499,7499,40
KISAH,Striped Sherwani Set with Welt Pocket,4799,10099,52
KISAH,Mandarin Neck Printed Sherwani Set,8199,17099,52
KISAH,Floral Sherwani and Dhoti Set,7999,15899,50
KISAH,Floral Woven Sherwani Set,8599,17799,52
KISAH,Floral Woven Sherwani Set,8198,16599,51
KISAH,Printed Sherwani Set,5099,12099,58
KISAH,Striped Sherwani Set,6399,12099,47
KISAH,Floral Woven Sherwani Set,8698,17799,51
KISAH,Striped Sherwani Set with Welt Pocket,6999,13499,48
KISAH,Floral Sherwani and Churidar Set,5298,11699,55
Anil Kumar Ajit Kumar,Banarasi Jamawar Sherwani & Dhoti Set,3471,5599,38
KISAH,Solid Mandarin-Neck Sherwani Set,6499,10499,38
KISAH,Mandarin-Neck Sherwani Set,6599,10499,37
KISAH,Mandarin-Neck Sherwani Set,7399,12499,41
KISAH,Men Regular Fit Sherwani with Kurta & Churidar,6199,12799,52
KISAH,Embellished Sherwani Churidar Set,5999,10999,45
Anil Kumar Ajit Kumar,Self-design Sherwani Set,4499,7499,40
KISAH,3-piece Woven Sherwani Set,8399,16199,48
KISAH,Self-Design Sherwani Set,6999,13398,48
KISAH,Floral Print Sherwani Set,7099,10998,35
KISAH,Men Floral Woven Regular Fit Sherwani & Dhoti Pants Set,9000,12899,30
KISAH,Men Regular Fit Sherwani with Kurta & Dhoti Pants,7398,11499,36
Deyann,Men Regular Fit Sherwani Set with Woven Motifs,4495,8990,50
Deyann,Men Regular Fit Sherwani Set with Woven Motifs,4995,9990,50
Deyann,Men Regular Fit Sherwani Set with Woven Motifs,4995,9990,50
Deyann,Men Embroidered Regular Fit Sherwani Set,5995,11990,50
Deyann,Men Regular Fit Sherwani with Striped Detail,4995,9990,50
KISAH,Full Sleeves Sherwani Set,6299,11699,46
KISAH,Embellished Sherwani Set,7599,13097,42
KISAH,Sherwani Set with Woven Motifs,9099,15897,43
KISAH,Men Leaf Woven Sherwani & Dhoti Set,6799,14198,52
KISAH,Men Geometric Woven Regular Fit Sherwani Set,8399,16199,48
KISAH,Men Leaf Woven Regular Fit Sherwani Set,6299,13399,53
KISAH,Buttoned-Up 3-Piece Sherwani Set,7999,13599,41
KISAH,Men Geometric Woven Sherwani with Kurta & Churidar,8399,12399,32
KISAH,Embroidered Cotton Silk Sherwani Set,8698,14997,42
Deyann,Men Embroidered Regular Fit Sherwani Set,5995,11990,50
KISAH,Men Micro Print Regular Fit Sherwani with Dhoti Pants,5999,10399,42
KISAH,Men Floral Woven Regular Fit Sherwani with Kurta & Churidar,6799,11699,42
Deyann,Men Embroidered Regular Fit Sherwani Set,5995,11990,50
Deyann,Men Regular Fit Sherwani Set with Woven Motifs,6995,13990,50
Deyann,Men Regular Fit Sherwani Set with Woven Motifs,4995,9990,50
Deyann,Men Regular Fit Sherwani Set with Woven Motifs,4995,9990,50
Deyann,Floral Pattern Sherwani Set,6995,13990,50
KISAH,Solid Mandarin-Neck Sherwani Set,6699,9999,33
KISAH,Floral Print Sherwani Set,6199,9198,33
HANGUP PLUS,Buttoned-Up Sherwani with Dhoti,2900,9999,71
hangup,Scale Print Sherwani with Pyjamas,2900,9999,71
HANGUP PLUS,Buttoned-Up Sherwani with Dhoti,2900,9999,71
HANGUP PLUS, Printed Sherwani with Dhoti ,2900,9999,71
hangup,Indian Pattern Sherwani Set,2900,9999,71
Deyann,Floral Pattern Sherwani Set,6995,13990,50
KISAH,Sherwani Set with Square Pocket,5899,10999,46
HANGUP PLUS,Printed Sherwani & Pyjamas Set,3100,9999,69
HANGUP PLUS,Buttoned-Up Sherwani with Pyjamas,3100,9999,69
hangup,Floral Sherwani Set with Full-Sleeves,3120,12999,76
Deyann,Floral Pattern Sherwani Set,2995,5990,50
hangup,Self-design Sherwani Set,3120,12999,76
KISAH,Men Floral Woven Regular Fit Sherwani Set,6699,12499,46
HANGUP PLUS,Floral Woven Sherwani Set with Button-Down Detail,2900,9999,71
KISAH,Men Paisley Woven Regular Fit Sherwani with Kurta & Churidar,10698,15899,33
HANGUP PLUS,Geometric Print Sherwani with Churidar ,3100,9999,69
Deyann,Floral Pattern Sherwani Set,2995,5990,50
Deyann,Paisley Pattern Sherwani Set,2995,5990,50
Anil Kumar Ajit Kumar,Embellished Sherwani Set,4000,9999,60
KISAH,Embroidered Sherwani Suit Set,6800,13599,50
Anil Kumar Ajit Kumar,Embellished Sherwani Set,4000,9999,60
hangup,3-Piece Asymmetric Sherwani Set,3120,12999,76
hangup,3-Piece Button-Front Sherwani Set,3120,12999,76
hangup,Indian Pattern Sherwani Set,2900,9999,71
hangup,Indian Sherwani Set,2900,9999,71
hangup,Indian Sherwani Set,2900,9999,71
SOJANYA,Textured Sherwani Set with Full Sleeves,3244,5499,41
KISAH,Men Leaf Woven Sherwani & Pyjamas Set,8099,13099,38
KISAH,Sherwani Set with Woven Motifs,8099,13997,42
HANGUP PLUS, Geometric Print Sherwani with Pyjamas ,2900,9999,71
HANGUP PLUS,Floral Woven Sherwani Set,2900,9999,71
HANGUP PLUS,Buttoned-Up Sherwani with Pyjamas,3100,9999,69
Anil Kumar Ajit Kumar,2-Piece Sherwani Set with Front Patch Work,3900,9999,61
Anil Kumar Ajit Kumar,2-Piece Sherwani Set with Front Patch Work,3900,9999,61
Anil Kumar Ajit Kumar,2-Piece Sherwani Set with Front Patch Work,3900,9999,61
Anil Kumar Ajit Kumar,Self-Design Sherwani Set,3967,6399,38
Anil Kumar Ajit Kumar,Self-Design Sherwani Set,3967,6399,38
Anil Kumar Ajit Kumar,Self-design Sherwani Set,4499,7499,40
KISAH,Printed Sherwani Set,10598,20299,48
KISAH,Sherwani Set with Woven Motifs,9298,19299,52
Anil Kumar Ajit Kumar,Self-Design Sherwani Set,4463,7199,38
Anil Kumar Ajit Kumar,Self-Design Sherwani Set,4463,7199,38
Anil Kumar Ajit Kumar,Self-Design Sherwani Set,4959,7999,38
KISAH,Woven Pattern Sherwani Set,7799,14699,47
KISAH,Floral Woven Sherwani Set,9298,19299,52
KISAH,Floral Woven Sherwani Set,8599,17799,52
KISAH,Floral Woven Sherwani Set,9100,18499,51
KISAH,Floral Woven Sherwani Set,6400,14099,55
KISAH,Men Maple-Leaf Woven Regular Fit Sherwani Set,5200,10399,50
KISAH,Woven Sherwani Set,7498,15499,52
KISAH,Jacquard Sherwani Set,6800,13798,51
KISAH,Block Print Sherwani Set,5599,10298,46
KISAH,Sherwani with Kurta & Pyjamas,7598,10897,30
KISAH,Jacquard Sherwani Set,7399,14298,48
KISAH,Men Regular Fit Sherwani with Dhoti Pants,5799,9699,40
KISAH,Men Regular Fit Sherwani with Kurta & Churidar,6899,11399,39
KISAH,Men Regular Fit Sherwani with Kurta & Dhoti Pants,7600,12299,38
Deyann,Men Floral Print Regular Fit Sherwani Set,4995,9990,50
KISAH,Men Geometric Woven Regular Fit Sherwani with Kurta & Churidar,7300,11499,37
KISAH,Sherwani Set with Woven Motifs,8099,13997,42
KISAH,Mandarin-Collar Sherwani Set with Button-Down Detail,6799,14399,53
KISAH,Men Regular Fit Woven Sherwani Set,9098,14497,37
KISAH,Chevron Print Sherwani & Churidar Set,5899,11699,50
HANGUP PLUS,Buttoned-Up Sherwani with Churidar,3100,9999,69
Deyann,Men Regular Fit Sherwani Set with Woven Motifs,4995,9990,50
Deyann,Men Regular Fit Sherwani Set with Woven Motifs,4995,9990,50
Deyann,Men Regular Fit Sherwani Set with Woven Motifs,4495,8990,50
Deyann,Men Regular Fit Sherwani Set with Mandarin Collar,4995,9990,50
Deyann,Men Printed Regular Fit Sherwani Set,4995,9990,50
KISAH,Men Floral Woven Regular Fit Sherwani & Dhoti Pants Set,6499,11499,43
Deyann,Men Regular Fit Sherwani Set with Woven Motifs,4995,9990,50
KISAH,Men Floral Woven Regular Fit Sherwani & Dhoti Pants Set,6799,13399,49
KISAH,Men Self-Design Regular Fit Sherwani with Kurta & Pants Set,7499,12099,38
HANGUP PLUS,Printed Sherwani Set with Button-Down Detail,2900,9999,71
hangup,Floral Print Sherwani with Pyjamas,2900,9999,71
hangup,Indian Sherwani Set,2900,9999,71
HANGUP PLUS,Printed Sherwani with Dhoti,2900,9999,71
hangup,Woven Sherwani with Pyjamas,2900,9999,71
HANGUP PLUS,Floral Print Sherwani with Dhoti ,2900,9999,71
Deyann,Striped Sherwani Set,3995,7990,50
SOJANYA,Solid Sherwani Set,3244,5499,41
SOJANYA,Textured Sherwani Set with Full Sleeves,3244,5499,41
Anil Kumar Ajit Kumar,Self-Design Sherwani Set with Welt Pocket,4000,9999,60
KISAH,Sherwani Set with Square Pocket,7698,13499,43
KISAH,Printed Mandarin-Neck Sherwani Set,7399,11999,38
KISAH,Geometric Print Sherwani Suit Set,6399,11899,46
KISAH,Floral Sherwani and Churidar Set,7698,15499,50
KISAH,Floral Sherwani and Dhoti Set,8700,16899,49
KISAH,Mandarin Collar Sherwani Set,5799,8198,29
KISAH,Solid Sherwani Set,7698,13499,43
KISAH,Mandarin-Collar Sherwani Set with Button-Down Detail,6199,11999,48
KISAH,Mandarin-Collar Sherwani Set with Button-Down Detail,5999,11599,48
KISAH,Men Geometric Woven Sherwani & Pants Set,6299,10399,39
KISAH,Men Regular Fit Sherwani Set,9899,15997,38
KISAH,Sherwani with Kurta & Dhoti Pants,7999,11097,28
KISAH,Printed Mandarin-Neck Sherwani Set,7599,14898,49
KISAH,Buttoned-Up 3-Piece Sherwani Set,7698,13499,43
KISAH,Printed Mandarin-Neck Sherwani Set,8499,16397,48
KISAH,Buttoned-Up 3-Piece Sherwani Set,6199,11999,48
KISAH,Buttoned-Up 3-Piece Sherwani Set,7299,13599,46
KISAH,Solid Sherwani Set,6199,11999,48
KISAH,Men Floral Woven Sherwani & Pants Set,7299,12799,43
KISAH,Paisley Print Sherwani Set,8499,14598,42
KISAH,Floral Print Sherwani Set,8899,13697,35
KISAH,Men Regular Fit Sherwani Set,9599,15497,38
KISAH,Men Printed Regular Fit Sherwani Set,8999,14399,38
HANGUP PLUS,Woven Sherwani with Kurta Pyjamas Set,3120,12999,76
HANGUP PLUS,Buttoned-Up Sherwani with Pyjamas,2900,9999,71
SOJANYA,Micro Print Side Buttons Sherwani Set,1850,4999,63
HANGUP PLUS,Geometric Pattern Sherwani Set with Button-Down Detail,3100,9999,69
HANGUP PLUS,Sherwani with Kurta & Churidar,2900,9999,71
HANGUP PLUS,Printed Sherwani Set with Button-Down Detail,3100,9999,69
hangup,Solid Sherwani Set,2900,9999,71
hangup,Polka-Dot Print Sherwani Set,2900,9999,71
HANGUP PLUS, Printed Sherwani with Pyjamas ,2900,9999,71
HANGUP PLUS,Geometric Pattern Sherwani with Pyjamas,3100,9999,69
ChitwanMohan,Sherwani & Churidar Set,2309,3299,30
KISAH,Sherwani Set with Pocket Square,6499,10999,41
KISAH,Men Floral Woven Sherwani with Kurta & Pyjamas,8499,13499,37
hangup,Mandarin Collared Sherwani Set,2900,9999,71
hangup,Woven Sherwani with Dhoti Pants,2900,9999,71
hangup,Floral Sherwani Set,2900,9999,71
HANGUP PLUS,Sherwani Set with Button Closure,2900,9999,71
hangup,Full Sleeves Indian Pattern Sherwani Set,2900,9999,71
hangup,Solid Sherwani Set,2900,9999,71
HANGUP PLUS,Geometric Print Sherwani with Churidar ,3100,9999,69
SOJANYA,Micro Print Sherwani Set with Front Slit,3244,5499,41
KISAH,Men Regular Fit Sherwani Set,6899,11999,43
KISAH,Floral Woven Sherwani Set with Metal Accent,8199,13099,37
KISAH,Leaf Woven Sherwani Set,7598,14999,49
KISAH,Men Regular Fit Sherwani with Kurta & Pyjamas,7299,14099,48
KISAH,Sherwani Set with Woven Motifs,8399,13897,40
KISAH,Sherwani Set with Metal Accent,7299,13599,46
KISAH,Mandarin-Collar Sherwani Set with Button-Down Detail,7100,12799,45
HANGUP PLUS,Leaf Print Sherwani with Dhoti,2900,9999,71
hangup,Indian Pattern Sherwani Set,2900,9999,71
HANGUP PLUS, Geometric Print Sherwani with Pyjamas ,2900,9999,71
HANGUP PLUS,Sherwani Set with Button Closure,2900,9999,71
hangup,Mandarin Collared Sherwani Set,2900,9999,71
hangup,Woven Sherwani with Pyjamas,2900,9999,71
hangup,Floral Pattern Sherwani Set,2900,9999,71
hangup,Printed Sherwani Set,2900,9999,71
HANGUP PLUS,Buttoned-Up Sherwani with Pyjamas,3120,12999,76
HANGUP PLUS,Buttoned-Up Sherwani with Dhoti,2900,9999,71
hangup,Floral Pattern Sherwani Set,2900,9999,71
hangup,Mandarin Collared Sherwani Set,2900,9999,71
hangup,Geometric Print Sherwani with Pyjamas,2900,9999,71
KISAH,Men Sherwani with Kurta & Churidar,6499,12098,46
hangup,Woven Sherwani with Pyjamas,2900,9999,71
ChitwanMohan,Sherwani & Churidar Set,2309,3299,30
KISAH,Sherwani Set with Woven Motifs,10599,16597,36
KISAH,Sherwani Set with Woven Motifs,8000,13497,41
KISAH,Men Regular Fit Sherwani & Dhoti Pants Set,5799,9699,40
KISAH,Leaf Woven Sherwani Set,5298,11599,54
KLOTTHE,Floral Print Sherwani Set,5000,19999,75
hangup,Geometric Print Sherwani Set,2900,9999,71
Anil Kumar Ajit Kumar,Self-Design Sherwani Set,4959,7999,38
KISAH,Solid Mandarin-Neck Sherwani Set,6399,9999,36
KISAH,Printed Mandarin-Neck Sherwani Set,7400,15697,53
KISAH,Men Kurta & Churidar wtih Sherwani,7400,13197,44
KISAH,Men Leaf Woven Sherwani with Kurta & Churidar,9000,14698,39
hangup,3-Piece Sherwani Set,3120,12999,76
hangup,Floral Print Sherwani Set,3120,12999,76
hangup,Self-design Sherwani Set,3120,12999,76
KISAH,Sherwani Set with Woven Motifs,8199,13697,40
KISAH,Men Printed Regular Fit Sherwani with Kurta & Dhoti Pants,11299,17198,34
HANGUP PLUS,Geometric Pattern Sherwani with Pyjamas,2900,9999,71
hangup,Indian Sherwani Set,2900,9999,71
hangup,Mandarin Collared Sherwani Set,2900,9999,71
hangup,Floral Pattern Sherwani Set,2900,9999,71
HANGUP PLUS,Floral Pattern Sherwani with Pyjamas,3100,9999,69
Deyann,Checked Sherwani Set,4995,9990,50
Deyann,Floral Self-Design Sherwani Set,3295,6590,50
Deyann,Textured Sherwani Set with Mandarin Collar,3295,6590,50
Deyann,3-Piece Sherwani Set,5995,11990,50
Deyann,Textured Sherwani Set,3995,7990,50
Deyann,Textured Sherwani Set,3295,6590,50
Deyann,Leaf Self Design Sherwani Set,3295,6590,50
Deyann,Textured Sherwani Set with Full Sleeves,3295,6590,50
Deyann,Checked Sherwani Set,4995,9990,50
Deyann,Floral Pattern Sherwani Set,6995,13990,50
Deyann,Textured Sherwani Set with Full Sleeves,3295,6590,50
Deyann,3-Piece Sherwani Set,5995,11990,50
Deyann,Textured Sherwani Set with Mandarin Collar,3295,6590,50
Deyann,Block Print Sherwani Set,3995,7990,50
Deyann,Textured Sherwani Set,3995,7990,50
Anil Kumar Ajit Kumar,Floral Pattern Sherwani Set,3471,5599,38
KISAH,Sherwani Set with Pocket Squares,6499,11999,46
KISAH,Sherwani Set with Square Pocket,7398,11499,36
Anil Kumar Ajit Kumar,Self-design Sherwani Set,4499,7499,40
KISAH,Sherwani Set with Square Pocket,7398,11499,36
KISAH,Sherwani Set with Pocket Square,7300,11499,37
KISAH,Leaf Sherwani Set with Pocket Squares,7699,10999,30
KISAH,Men Regular Fit Sherwani with Kurta & Churidar,6499,12799,49
Anil Kumar Ajit Kumar,Embellished Sherwani Set,3900,9999,61
KISAH,Self-design Sherwani Set,8199,17099,52
KISAH,Mandarin Neck Sherwani Set,7999,14599,45
Anil Kumar Ajit Kumar,Woven Sherwani Set,3900,9999,61
Anil Kumar Ajit Kumar,Self-Design Sherwani Set,3967,6399,38
Anil Kumar Ajit Kumar,Self-Design Sherwani Set,5455,8799,38
Anil Kumar Ajit Kumar,Self-Design Sherwani Set,4463,7199,38
Anil Kumar Ajit Kumar,Self-Design Sherwani Set,4463,7199,38
Anil Kumar Ajit Kumar,Self-Design Sherwani Set,3967,6399,38
Anil Kumar Ajit Kumar,Self-Design Sherwani Set,4463,7199,38
Anil Kumar Ajit Kumar,Self-Design Sherwani Set,4463,7199,38
Anil Kumar Ajit Kumar,Self-Design Sherwani Set,4463,7199,38
Anil Kumar Ajit Kumar,Self-Design Sherwani Set,4959,7999,38
Anil Kumar Ajit Kumar,Self-Design Sherwani Set,4463,7199,38
Anil Kumar Ajit Kumar,Self-Design Sherwani Set,4959,7999,38
KISAH,Floral Pattern Sherwani Set,9198,13799,33
KISAH,Self-Design Pattern Sherwani Set,7799,12099,36
Anil Kumar Ajit Kumar,Self-Design Sherwani Set,4463,7199,38
Anil Kumar Ajit Kumar,Self-Design Sherwani Set,4959,7999,38
Anil Kumar Ajit Kumar,Self-Design Sherwani Set,4463,7199,38
Anil Kumar Ajit Kumar,Self-Design Sherwani Set,4463,7199,38
Anil Kumar Ajit Kumar,Self-Design Sherwani Set,4463,7199,38
KISAH,Floral Woven Sherwani Set,9500,19199,51
KISAH,Stripes Sherwani and Dhoti  Set,7299,13499,46
KISAH,Striped Sherwani Set,6200,12099,49
KISAH,Floral Sherwani and Dhoti Set,5899,13499,56
KISAH,Woven Sherwani Set with Flap Pockets,6600,13499,51
KISAH,Floral Sherwani and Dhoti Set,9100,18499,51
KISAH,Woven Sherwani Set with Embellished Accent,6198,13099,53
KISAH,Stripes Sherwani and Dhoti  Set,7299,13499,46
KISAH,Micro Print Mandarin Neck  Sherwani Set,6999,13799,49
KISAH,Floral Sherwani and Dhoti Set,7099,15599,54
KISAH,Striped Sherwani Set with Welt Pocket,5499,11499,52
Anil Kumar Ajit Kumar,Banarasi Jamawar Sherwani & Dhoti Set,3471,5599,38
KISAH,Floral Woven Sherwani Set,6999,13799,49
KISAH,Leaf Woven Sherwani Set,5099,12099,58
KISAH,Floral Sherwani and Churidar Set,8599,17799,52
KISAH,Floral Woven Sherwani Set,7799,16499,53
KISAH,Floral Woven Sherwani Set,6899,15099,54
KISAH,Woven Sherwani Set with Flap Pockets,6599,13399,51
KISAH,Floral Sherwani and Dhoti Set,6599,13899,53
KISAH,Striped Sherwani Set,6399,12099,47
KISAH,Floral Sherwani and Dhoti Set,5899,13499,56
KISAH,Stripes Sherwani and Dhoti  Set,7299,13499,46
KISAH,Stripes Sherwani and Dhoti  Set,7299,13499,46
KISAH,Floral Sherwani and Dhoti Set,7298,15499,53
KISAH,Mandarin-Neck Sherwani Set,5599,8999,38
KISAH,Mandarin-Neck Sherwani Set,7498,11499,35
KISAH,Men Regular Fit Sherwani Set with Asymmetric Hem,5599,8999,38
Anil Kumar Ajit Kumar,Self-design Sherwani Set,4499,7499,40
KISAH,Floral Print Sherwani Set,6599,9298,29
KISAH,Block Print Sherwani Set,5599,9998,44
KISAH,Sherwani with Kurta & Churidar,6299,9797,36
KISAH,Floral Woven Sherwani with Kurta & Dhoti Pants,9199,14697,37
KISAH,Sherwani with Kurta & Dhoti Pants,6999,10897,36
KISAH,Men Leaf Print Regular Fit Sherwani Set,7099,12199,42
KISAH,Men Regular Fit Sherwani with Dhoti Pants,5699,9599,41
KISAH,Men Regular Fit Sherwani with Dhoti Pants Set,5599,9799,43
KISAH,Men Leaf Woven Regular Fit Sherwani Set,7699,13699,44
KISAH,Men Leaf Woven Regular Fit Sherwani with Kurta & Churidar,7099,13399,47
KISAH,Men Floral Woven Regular Fit Sherwani & Dhoti Pants Set,8498,14899,43
KISAH,Men Floral Woven Regular Fit Sherwani & Dhoti Pants Set,9299,15099,38
Deyann,Men Embroidered Regular Fit Sherwani Set,5995,11990,50
Deyann,Men Embroidered Regular Fit Sherwani Set,5995,11990,50
Deyann,Men Regular Fit Sherwani Set with Woven Motifs,6995,13990,50
Deyann,Men Regular Fit Sherwani Set with Woven Motifs,4995,9990,50
Deyann,Men Embroidered Regular Fit Sherwani Set,5995,11990,50
Deyann,Men Regular Fit Sherwani Set with Woven Motifs,4495,8990,50
Deyann,Men Regular Fit Sherwani Set with Woven Motifs,4495,8990,50
KISAH,Floral Print Sherwani Set,7699,14698,48
KISAH,Solid Sherwani Set,7999,14399,44
HANGUP PLUS,Floral Print Sherwani & Pyjamas Set,3100,9999,69
KISAH,Block Print Sherwani Set,6799,10298,34
KISAH,Men Leaf Woven Regular Fit Sherwani Set,8698,15199,43
KISAH,Men Regular Fit Sherwani Set,6499,10099,36
KISAH,Men Leaf Print Regular Fit Sherwani Set,5499,8899,38
KISAH,Men Leaf Woven Regular Fit Sherwani Set,8498,14899,43
KISAH,Embroidered Cotton Silk Sherwani Set,8499,14997,43
KISAH,Mandarin-Collar Sherwani Set with Button-Down Detail,7999,14399,44
KISAH,Mandarin Collar Sherwani & Kurta with Dhoti Set,6799,11999,43
KISAH,Jacquard Sherwani Set,7599,11598,34
KISAH,Striped Sherwani Set,4799,10099,52
Deyann,Men Regular Fit Sherwani Set with Woven Motifs,4495,8990,50
Deyann,Men Regular Fit Sherwani Set with Woven Motifs,4495,8990,50
Deyann,Men Regular Fit Sherwani Set with Woven Motifs,4995,9990,50
KISAH,Men Regular Fit Sherwani Set with Asymmetric Hem,7299,12599,42
Deyann,Men Regular Fit Sherwani Set with Woven Motifs,4495,8990,50
Deyann,Men Regular Fit Sherwani Set with Mandarin Collar,4995,9990,50
Deyann,Men Regular Fit Sherwani Set with Woven Motifs,4995,9990,50
Deyann,Men Regular Fit Sherwani Set with Woven Motifs,4995,9990,50
KISAH,Men Floral Woven Regular Fit Sherwani & Churidar Set,5499,8899,38
KISAH,Men Self-Design Regular Fit Sherwani Set,8700,15499,44
Deyann,Men Embroidered Regular Fit Sherwani Set,5995,11990,50
Deyann,Men Regular Fit Sherwani Set with Floral Woven Motifs,4995,9990,50
KISAH,Floral Print Sherwani Suit Set,10200,18899,46
KISAH,Floral Print Sherwani Set,8500,16999,50
KISAH,Solid Sherwani Set,7099,13399,47
HANGUP PLUS,Floral Print Sherwani with Pyjamas,2900,9999,71
Deyann,Textured Sherwani Set with Open-Front Achkan,3995,7990,50
HANGUP PLUS,Buttoned-Up Sherwani with Dhoti,3120,12999,76
hangup,Leaf Print Sherwani with Pyjamas,2900,9999,71
KISAH,Floral Woven Sherwani Suit Set,6899,13599,49
KISAH,Floral Print Sherwani Set,6899,12499,45
hangup,Floral Woven 3-Piece Sherwani Set,3120,12999,76
HANGUP PLUS,Geometric Print Sherwani with Churidar ,3100,9999,69
KISAH,Men Leaf Woven Sherwani with Kurta & Churidar,9999,15098,34
KISAH,Men Leaf Woven Sherwani with Kurta & Churidar,10199,15298,33
hangup,Floral Print 3-Piece Sherwani Set,3120,12999,76
KISAH,Paisley Woven Sherwani Set,6399,10999,42
HANGUP PLUS,Buttoned-Up Sherwani with Pyjamas,2900,9999,71
KISAH,Men Floral Woven Sherwani with Kurta & Churidar,7999,12900,38
SOJANYA, Sherwani Set,3244,5499,41
ChitwanMohan,Sherwani with Dhoti Pants,2799,3999,30
ChitwanMohan,Sherwani & Churidar Set,2309,3299,30
KISAH,Embellished Sherwani Set,5299,8999,41
hangup,Sherwani Set with Patterned Weave,3120,12999,76
HANGUP PLUS,Floral Print Sherwani with Dhoti ,2900,9999,71
hangup,Geometric Pattern Sherwani Set,2900,9999,71
hangup,Indian Sherwani Set,2900,9999,71
hangup,Printed Sherwani Set,2900,9999,71
hangup,Floral Sherwani Set,2900,9999,71
hangup,Floral Print Sherwani Set with Pocket Square,2900,9999,71
hangup,Indian Pattern Sherwani Set,2900,9999,71
hangup,Indian Sherwani Set,2900,9999,71
hangup,Indian Sherwani Set,2900,9999,71
hangup,Printed Sherwani Set,2900,9999,71
hangup,Floral Print Sherwani with Pyjamas,2900,9999,71
HANGUP PLUS,Floral Print Sherwani with Dhoti ,2900,9999,71
HANGUP PLUS,  Printed Sherwani with Dhoti ,2900,9999,71
HANGUP PLUS, Printed Sherwani with Dhoti ,2900,9999,71
HANGUP PLUS,Floral Print Sherwani Set with Button Closure,3100,9999,69
HANGUP PLUS,Floral Print Sherwani & Pyjamas Set,3100,9999,69
hangup,Printed Sherwani Set,3120,12999,76
hangup,Indian Pattern Band Collar Sherwani Set,2900,9999,71
KISAH, Sherwani Set with Square Pocket,4720,10999,57
KISAH,Mandarin-Neck Sherwani Set,4399,8499,48
KISAH,3-Piece Floral Printed Sherwani Set,7699,12499,38
Luxrio,Slim Fit Sherwani Set with Welt Pocket,11249,14999,25
KISAH,Mandarin-Neck Sherwani Set,6299,10499,40
KISAH,Leaf Print Sherwani Set,5899,9899,40
KLOTTHE,Geometric Woven Sherwani Set,5000,19999,75
KLOTTHE,Sherwani Set with Floral Woven Motifs,5000,19999,75
KISAH,Embellished Sherwani Set,4249,7999,47
KISAH,Mandarin-Neck Sherwani Set,6499,10499,38
KISAH,Printed Sherwani Set with Pocket Square,6299,10499,40
KISAH,Mandarin-Neck Sherwani Set,7399,12499,41
HANGUP PLUS,Floral Pattern Sherwani with Pyjamas,2900,9999,71
hangup,Floral Print Sherwani Set,2900,9999,71
HANGUP PLUS,Printed Sherwani with Dhoti Set,2900,9999,71
HANGUP PLUS,Geometric Pattern Sherwani with Pyjamas,2900,9999,71
HANGUP PLUS,Buttoned-Up Sherwani with Pyjamas,3120,12999,76
hangup,Geometric Pattern Sherwani Set,2900,9999,71
KISAH,Men Embroidered Regular Fit Sherawni Set,7900,12799,38
KISAH,Woven Sherwani Set,6399,11099,42
HANGUP PLUS,Mandarin-Collar Sherwani Set with Button-Down Detail,2900,9999,71
KISAH,Floral Woven Sherwani Suit Set,6899,13599,49
KISAH,Solid Mandarin-Neck Sherwani Set,6899,11999,43
Anil Kumar Ajit Kumar,Self-Design Sherwani Set,4463,7199,38
KISAH,Abstract Print Sherwani Set,6499,9299,30
KISAH,Leaf Woven Sherwani Set,6699,13599,51
KISAH,Floral Print Mandarin-Collar Sherwani Set,8500,16999,50
KISAH,Embellished Sherwani Patiala Set,7300,11499,37
KISAH,Floral Woven Sherwani Suit Set,7500,15099,50
KISAH,Straight Sherwani Set,6199,8898,30
KISAH,Sherwani Set with Floral Woven Motifs,8799,15197,42
KISAH,Buttoned-Up 2-Piece Sherwani Set,5999,11599,48
KISAH,Mandarin-Collar Sherwani Set with Button-Down Detail,7099,13399,47
KISAH,Men Regular Fit Sherwani with Kurta & Dhoti Pants Set,7499,12599,40
KISAH,Mandarin Collar Sherwani Set,5599,9398,40
KISAH,Sherwani Set with Woven Motifs,7599,14897,49
KISAH,Leaf Print Sherwani and Churidar Set,6699,13599,51
KISAH,Embroidered Sherwani Suit Set,6999,13599,49
KISAH, Sherwani Set with Square Pocket,7699,12999,41
KISAH,Jacquard Leaf  Print Sherwani Set,7598,14999,49
KISAH,Leaf Print Sherwani Set,6699,13599,51
HANGUP PLUS,Kalamkari Print Sherwani with Dhoti ,2900,9999,71
hangup,Floral Print Sherwani Set with Asymmetric Hem,2900,9999,71
HANGUP PLUS,Floral Print Sherwani & Patiala Set,2900,9999,71
hangup,Checked Sherwani Set with Mandarin Collar,3120,12999,76
hangup,Printed Sherwani Set,2900,9999,71
HANGUP PLUS, Printed Sherwani with Churidar ,3100,9999,69
hangup,Indian Sherwani Set,2900,9999,71
KISAH,Printed Mandarin-Neck Sherwani Set,5599,9999,44
KISAH,Men Leaf Woven Regular Fit Sherwani Set,6499,10999,41
hangup,Floral Pattern Sherwani Set,2900,9999,71
KISAH,Floral Print Sherwani Set,7299,12598,42
hangup,Abstract Sherwani Set with Pocket Square,2900,9999,71
KISAH,Printed Mandarin-Neck Sherwani Set,6299,10499,40
KISAH, Sherwani Set with Mandarin Collar,7699,12999,41
HANGUP PLUS,Geometric Print Sherwani with Dhoti,2900,9999,71
hangup,Geometric Print Sherwani Set,2900,9999,71
HANGUP PLUS,Floral Print Sherwani with Dhoti,2900,9999,71
hangup,Leaf Print Sherwani with Pyjamas,2900,9999,71
HANGUP PLUS,Buttoned-Up Sherwani with Pyjamas,2900,9999,71
HANGUP PLUS,Buttoned-Up Sherwani with Pyjamas,2900,9999,71
hangup,Indian Pattern Sherwani Set,2900,9999,71
hangup,Leaf Print Sherwani with Pyjamas,2900,9999,71
HANGUP PLUS,Buttoned-Up Sherwani with Churidar,3120,12999,76
hangup,Band Collar Indian Pattern Sherwani Set,2900,9999,71
hangup,Geometric Print Sherwani with Pyjamas,2900,9999,71
hangup,Floral Sherwani Set,2900,9999,71
hangup,Woven Sherwani with Pyjamas,2900,9999,71
hangup,Geometric Print Sherwani with Pyjamas,2900,9999,71
HANGUP PLUS,Geometric Pattern Sherwani Set with Button-Down Detail,2900,9999,71
hangup,Indian Sherwani Set,2900,9999,71
hangup,3-Piece Sherwani Set,3120,12999,76
hangup,Mandarin Collared Sherwani Set,2900,9999,71
hangup,Geometric Pattern Sherwani with Pyjamas,2900,9999,71
hangup,Indian Sherwani Set,2900,9999,71
hangup,Floral Sherwani Set,2900,9999,71
hangup,Indian Sherwani Set,2900,9999,71
hangup,Mandarin Collared Sherwani Set,2900,9999,71
hangup,Floral Print Sherwani with Pyjamas,2900,9999,71
HANGUP PLUS,Elephant Print Sherwani with Pyjamas,3100,9999,69
hangup,Printed 3-Piece Sherwani Set,3120,12999,76
HANGUP PLUS,Floral Pattern Sherwani with Pyjamas,3120,12999,76
hangup,Animal Print Sherwani Set,3120,12999,76
HANGUP PLUS,Leaf Print Sherwani Set with Button-Down Detail,3120,12999,76
SOJANYA, Sherwani Set,3244,5499,41
KISAH,Chevron Print Sherwani Set with Pocket Square,4599,7999,43
KISAH, Sherwani Set with Square Pocket,4899,8999,46
KISAH,Sherwani Set with Pocket Square,5799,10999,47
KISAH,Printed Long Kurta with Churidar,6999,10499,33
KISAH,Sherwani Set with Square Pocket,5299,8999,41
KISAH,Sherwani Set with Square Pocket,6199,10999,44
KISAH,Sherwani Set with Square Pocket,6599,10999,40
KISAH,Checked Sherwani Set with Pocket Square,6499,10999,41
KISAH,Indian Sherwani Set,6999,10599,34
KISAH, Sherwani Set with Mandarin Collar,7399,12999,43
KISAH,Mandarin-Neck Sherwani Set,5699,9999,43
KISAH,Mandarin-Neck Sherwani Set,7499,12999,42
KISAH,Mandarin-Neck Sherwani Set,8798,14999,41
KISAH,Embellished Sherwani Dhoti Set,7699,12999,41
KISAH,Mandarin-Neck Sherwani Set,4599,8499,46
KISAH,Embellished Sherwani Set,6299,10999,43
KISAH, Sherwani Set with Mandarin Collar,6799,11499,41
KISAH, Sherwani Set with Mandarin Collar,7099,11999,41
KISAH,Embellished Sherwani Set,5699,9999,43
KISAH,Mandarin-Neck Sherwani Set,4799,8499,44
HANGUP PLUS,Floral Woven Sherwani Set with Button-Down Detail,3120,12999,76
KISAH,Sherwani Set with Woven Motifs,10200,15997,36
HANGUP PLUS, Printed Sherwani with Pyjamas ,2900,9999,71
HANGUP PLUS,Floral Print Sherwani with Dhoti ,2900,9999,71
HANGUP PLUS,Floral Print Sherwani Set with Button-Down Detail,3100,9999,69
SOJANYA, Sherwani Set,3244,5499,41
KISAH,Floral Print Sherwani Set with Pocket Square,9499,15499,39
KISAH,Embellished Sherwani Set,6199,10999,44
KISAH,Printed Mandarin-Neck Sherwani Set,6399,10999,42
KISAH,Printed Mandarin-Neck Sherwani Set,6699,11499,42
hangup,Mandarin Collared Sherwani Set,2900,9999,71
HANGUP PLUS, Geometric Print Sherwani with Dhoti ,2900,9999,71
hangup,Floral Sherwani Set with Mandarin Collar,3120,12999,76
hangup,Leaf Print Sherwani with Pyjamas,2900,9999,71
HANGUP PLUS,Leaf Print Sherwani with Dhoti,2900,9999,71
hangup,Woven Sherwani with Dhoti Pants,2900,9999,71
hangup,Woven Sherwani with Pyjamas,2900,9999,71
hangup,Indian Sherwani Set,2900,9999,71
HANGUP PLUS,Floral Print Sherwani with Kurta & Churidar,2900,9999,71
KISAH,Mandarin-Neck Sherwani Set,8099,11999,33
KISAH,Men Regular Fit Sherwani with Kurta & Churidar,9999,15599,36
KISAH,Sherwani Set with Woven Motifs,8499,13497,37
KISAH,Printed Mandarin-Neck Sherwani Set,6199,10999,44
hangup,Leaf Print Sherwani Set,3120,12999,76
KISAH,Embellished Sherwani Set,8199,13999,41
hangup,Geometric Pattern Sherwani Set,2900,9999,71
HANGUP PLUS,Buttoned-Up Sherwani with Churidar,2900,9999,71
HANGUP PLUS,Leaf Print Sherwani Set,2900,9999,71
HANGUP PLUS,Striped Sherwani with Churidar ,3100,9999,69
HANGUP PLUS,Floral Pattern Sherwani Set,2900,9999,71
KISAH,Printed Mandarin-Neck Sherwani Set,6598,12299,46
HANGUP PLUS,Printed Sherwani & Pyjamas Set,3100,9999,69
KISAH,Woven Sherwani Set with Metal Accent,6299,12099,48
KISAH,Printed Long Kurta with Churidar,5499,7999,31
KISAH,Embellished Sherwani Set,5299,9999,47
KISAH,Printed Sherwani Set with Pocket Square,6499,10999,41
SOJANYA,Micro Print Sherwani Set with Front Slit,3244,5499,41
KISAH,Printed Mandarin-Neck Sherwani Set,6699,11999,44
hangup,Indian Pattern Sherwani Set,2900,9999,71
hangup,Geometric Print Sherwani Set,2900,9999,71
hangup,Indian Pattern Sherwani Set,2900,9999,71
KISAH,Men Floral Woven Sherwani with Kurta & Churidar,8198,12699,35
KISAH,Men Floral Woven Sherwani with Kurta & Churidar,8899,12699,30
KISAH,Men Floral Woven Sherwani with Kurta & Churidar,8799,13599,35
KISAH,Men Floral Woven Sherwani with Kurta & Churidar,8799,12699,31
KISAH,Men Floral Woven Sherwani with Kurta & Pyjamas,9299,13498,31
KISAH,Men Floral Woven Sherwani with Kurta & Pyjamas,9300,14198,35
